injection,chrom,cut_site,name,strand
LV28,AAEL010779,10879,ppkA1,rev
LV28,AAEL004091,11899,ppkB1,pos
LV28,AAEL000926,332,ppkC1,pos
LV35,AAEL010779,10879,ppkA2,rev
LV35,AAEL004091,11949,ppkB2,rev
LV35,AAEL000926,246,ppkC2,pos
LV36,AAEL010779,11029,ppkA3,rev
LV36,AAEL004091,11756,ppkB3,rev
LV36,AAEL000926,243,ppkC3,rev
LV37,AAEL014228,3834,ppkD1,pos
LV37,AAEL002575,34735,ppkE1,rev
LV37,AAEL013647,5165,ppkF1,pos
LV38,AAEL014228,3815,ppkD2,pos
LV38,AAEL002575,26922,ppkE2,pos
LV38,AAEL013647,5346,ppkF2,rev
LV39,AAEL014228,3940,ppkD3,rev
LV39,AAEL002575,26823,ppkE3,pos
LV39,AAEL013647,4855,ppkF3,pos
